sourceFile,classic,legacyTier,authorityTier,authorityLabel,libraryRole,libraryLabel,evidenceRole,sourceType,canJudge,canOverride,canEnterProductionRag,judgmentPolicy,domains
A_辅助经典/三命指迷赋-宋-岳珂.txt,三命指迷赋,T1,A,A 辅助经典,judge_library,裁判库,secondary_support,classic,是,否,是,can_primary_judge,general
A_辅助经典/乾元秘旨-清-舒继英.txt,乾元秘旨,T1,A,A 辅助经典,judge_library,裁判库,secondary_support,classic,是,否,是,can_primary_judge,general
A_辅助经典/五行精纪-宋-廖中.txt,五行精纪,T1,A,A 辅助经典,judge_library,裁判库,secondary_support,classic,是,否,是,can_primary_judge,general
A_辅助经典/人伦大统赋-金-张行简.txt,人伦大统赋,T1,A,A 辅助经典,judge_library,裁判库,secondary_support,classic,是,否,是,can_primary_judge,general
A_辅助经典/兰台妙选-明-西窗老人.txt,兰台妙选,T1,A,A 辅助经典,judge_library,裁判库,secondary_support,classic,是,否,是,can_primary_judge,general
A_辅助经典/兰台妙选.doc,兰台妙选,T1,A,A 辅助经典,judge_library,裁判库,secondary_support,classic,是,否,是,can_primary_judge,general
A_辅助经典/命理正宗--张神峰.txt,命理正宗,T1,A,A 辅助经典,judge_library,裁判库,secondary_support,classic,是,否,是,can_primary_judge,general
A_辅助经典/徐氏珞琭子赋注-宋-徐子平.txt,珞琭子,T1,A,A 辅助经典,judge_library,裁判库,secondary_support,classic,是,否,是,can_primary_judge,general
A_辅助经典/月谈赋-明-佚名.txt,月谈赋,T1,A,A 辅助经典,judge_library,裁判库,secondary_support,classic,是,否,是,can_primary_judge,general
A_辅助经典/李虚中命书-周-鬼谷子.txt,李虚中命书,T1,A,A 辅助经典,judge_library,裁判库,secondary_support,classic,是,否,是,can_primary_judge,general
A_辅助经典/珞琭子三命消息赋注-宋-徐子平.txt,珞琭子,T1,A,A 辅助经典,judge_library,裁判库,secondary_support,classic,是,否,是,can_primary_judge,general
A_辅助经典/神峰通考-明-张楠.txt,神峰通考,T1,A,A 辅助经典,judge_library,裁判库,secondary_support,classic,是,否,是,can_primary_judge,general
A_辅助经典/蔡昔琼 -《月谈赋》注解_盲派窥真.doc,月谈赋,T1,A,A 辅助经典,judge_library,裁判库,secondary_support,classic,是,否,是,can_primary_judge,general
B_现代解释/千里命稿--韦千里.txt,千里命稿,T2,B,B 现代解释,judge_library,裁判库,modern_explanation,modern_textbook,否,否,是,explain_only,general
B_现代解释/命理探源--袁树珊.txt,命理探源,T2,B,B 现代解释,judge_library,裁判库,modern_explanation,modern_textbook,否,否,是,explain_only,general
B_现代解释/新派命理精髓详解之三十.doc,新派命理精髓详解之三十,T2,B,B 现代解释,judge_library,裁判库,modern_explanation,modern_textbook,否,否,是,explain_only,general
B_现代解释/新派命理精髓详解之三十一.doc,新派命理精髓详解之三十一,T2,B,B 现代解释,judge_library,裁判库,modern_explanation,modern_textbook,否,否,是,explain_only,general
B_现代解释/新派命理精髓详解之三十七.doc,新派命理精髓详解之三十七,T2,B,B 现代解释,judge_library,裁判库,modern_explanation,modern_textbook,否,否,是,explain_only,general
B_现代解释/新派命理精髓详解之三十三.doc,新派命理精髓详解之三十三,T2,B,B 现代解释,judge_library,裁判库,modern_explanation,modern_textbook,否,否,是,explain_only,general
B_现代解释/新派命理精髓详解之三十九.doc,新派命理精髓详解之三十九,T2,B,B 现代解释,judge_library,裁判库,modern_explanation,modern_textbook,否,否,是,explain_only,general
B_现代解释/新派命理精髓详解之三十二.doc,新派命理精髓详解之三十二,T2,B,B 现代解释,judge_library,裁判库,modern_explanation,modern_textbook,否,否,是,explain_only,general
B_现代解释/新派命理精髓详解之三十五.doc,新派命理精髓详解之三十五,T2,B,B 现代解释,judge_library,裁判库,modern_explanation,modern_textbook,否,否,是,explain_only,general
B_现代解释/新派命理精髓详解之三十八.doc,新派命理精髓详解之三十八,T2,B,B 现代解释,judge_library,裁判库,modern_explanation,modern_textbook,否,否,是,explain_only,general
B_现代解释/新派命理精髓详解之三十六.doc,新派命理精髓详解之三十六,T2,B,B 现代解释,judge_library,裁判库,modern_explanation,modern_textbook,否,否,是,explain_only,general
B_现代解释/新派命理精髓详解之三十四.doc,新派命理精髓详解之三十四,T2,B,B 现代解释,judge_library,裁判库,modern_explanation,modern_textbook,否,否,是,explain_only,general
B_现代解释/新派命理精髓详解之二十七.doc,新派命理精髓详解之二十七,T2,B,B 现代解释,judge_library,裁判库,modern_explanation,modern_textbook,否,否,是,explain_only,general
B_现代解释/新派命理精髓详解之二十三.doc,新派命理精髓详解之二十三,T2,B,B 现代解释,judge_library,裁判库,modern_explanation,modern_textbook,否,否,是,explain_only,general
B_现代解释/新派命理精髓详解之二十九.doc,新派命理精髓详解之二十九,T2,B,B 现代解释,judge_library,裁判库,modern_explanation,modern_textbook,否,否,是,explain_only,general
B_现代解释/新派命理精髓详解之二十五.doc,新派命理精髓详解之二十五,T2,B,B 现代解释,judge_library,裁判库,modern_explanation,modern_textbook,否,否,是,explain_only,general
B_现代解释/新派命理精髓详解之二十八.doc,新派命理精髓详解之二十八,T2,B,B 现代解释,judge_library,裁判库,modern_explanation,modern_textbook,否,否,是,explain_only,general
B_现代解释/新派命理精髓详解之二十六.doc,新派命理精髓详解之二十六,T2,B,B 现代解释,judge_library,裁判库,modern_explanation,modern_textbook,否,否,是,explain_only,general
B_现代解释/新派命理精髓详解之二十四.doc,新派命理精髓详解之二十四,T2,B,B 现代解释,judge_library,裁判库,modern_explanation,modern_textbook,否,否,是,explain_only,general
B_现代解释/新派命理精髓详解之四十.doc,新派命理精髓详解之四十,T2,B,B 现代解释,judge_library,裁判库,modern_explanation,modern_textbook,否,否,是,explain_only,general
B_现代解释/新派命理精髓详解之四十一.doc,新派命理精髓详解之四十一,T2,B,B 现代解释,judge_library,裁判库,modern_explanation,modern_textbook,否,否,是,explain_only,general
B_现代解释/新派命理精髓详解之四十七.doc,新派命理精髓详解之四十七,T2,B,B 现代解释,judge_library,裁判库,modern_explanation,modern_textbook,否,否,是,explain_only,general
B_现代解释/新派命理精髓详解之四十三.doc,新派命理精髓详解之四十三,T2,B,B 现代解释,judge_library,裁判库,modern_explanation,modern_textbook,否,否,是,explain_only,general
B_现代解释/新派命理精髓详解之四十九.doc,新派命理精髓详解之四十九,T2,B,B 现代解释,judge_library,裁判库,modern_explanation,modern_textbook,否,否,是,explain_only,general
B_现代解释/新派命理精髓详解之四十二.doc,新派命理精髓详解之四十二,T2,B,B 现代解释,judge_library,裁判库,modern_explanation,modern_textbook,否,否,是,explain_only,general
B_现代解释/新派命理精髓详解之四十五.doc,新派命理精髓详解之四十五,T2,B,B 现代解释,judge_library,裁判库,modern_explanation,modern_textbook,否,否,是,explain_only,general
B_现代解释/新派命理精髓详解之四十八.doc,新派命理精髓详解之四十八,T2,B,B 现代解释,judge_library,裁判库,modern_explanation,modern_textbook,否,否,是,explain_only,general
B_现代解释/新派命理精髓详解之四十六.doc,新派命理精髓详解之四十六,T2,B,B 现代解释,judge_library,裁判库,modern_explanation,modern_textbook,否,否,是,explain_only,general
B_现代解释/新派命理精髓详解之四十四.doc,新派命理精髓详解之四十四,T2,B,B 现代解释,judge_library,裁判库,modern_explanation,modern_textbook,否,否,是,explain_only,general
B_现代解释/永乐百问-明-袁珙.txt,永乐百问,T2,B,B 现代解释,judge_library,裁判库,modern_explanation,modern_textbook,否,否,是,explain_only,general
B_现代解释/蔡昔琼 - 《十干精粹》完版发行版.doc,蔡昔琼,T2,B,B 现代解释,judge_library,裁判库,modern_explanation,modern_textbook,否,否,是,explain_only,general
B_现代解释/蔡昔琼 - 玄关一窍.doc,蔡昔琼,T2,B,B 现代解释,judge_library,裁判库,modern_explanation,modern_textbook,否,否,是,explain_only,general
B_现代解释/韦千里 - 千里命稿.doc,韦千里,T2,B,B 现代解释,judge_library,裁判库,modern_explanation,modern_textbook,否,否,是,explain_only,general
C_命例经验/D121曲炜 伤病残灾命例集268页1779767159.docx,D121曲炜 伤病残灾命例集268页1779767159,T3,C,C 命例经验,experience_library,经验库,case_reference,case_study,否,否,是,case_only_no_judge,"case,xiangyi"
C_命例经验/《添情命理解读滴天髓全部命例》.doc,滴天髓,T3,C,C 命例经验,experience_library,经验库,case_reference,case_study,否,否,是,case_only_no_judge,"case,xiangyi"
C_命例经验/实战命例七十九五行与工作.doc,实战命例七十九五行与工作,T3,C,C 命例经验,experience_library,经验库,case_reference,case_study,否,否,是,case_only_no_judge,"case,xiangyi"
C_命例经验/实战命例七十二女命工作付女士.doc,实战命例七十二女命工作付女士,T3,C,C 命例经验,experience_library,经验库,case_reference,case_study,否,否,是,case_only_no_judge,"case,xiangyi"
C_命例经验/实战命例七十五男命工作.doc,实战命例七十五男命工作,T3,C,C 命例经验,experience_library,经验库,case_reference,case_study,否,否,是,case_only_no_judge,"case,xiangyi"
C_命例经验/实战命例七十六五行与工作.doc,实战命例七十六五行与工作,T3,C,C 命例经验,experience_library,经验库,case_reference,case_study,否,否,是,case_only_no_judge,"case,xiangyi"
C_命例经验/实战命例七十女命工作常女士.doc,实战命例七十女命工作常女士,T3,C,C 命例经验,experience_library,经验库,case_reference,case_study,否,否,是,case_only_no_judge,"case,xiangyi"
C_命例经验/实战命例三十一车祸责任庞先生.doc,实战命例三十一车祸责任庞先生,T3,C,C 命例经验,experience_library,经验库,case_reference,case_study,否,否,是,case_only_no_judge,"case,xiangyi"
C_命例经验/实战命例三十七如何看命局里六亲工作事业吉凶.doc,实战命例三十七如何看命局里六亲工作事业吉凶,T3,C,C 命例经验,experience_library,经验库,case_reference,case_study,否,否,是,case_only_no_judge,"case,xiangyi"
C_命例经验/实战命例三十三异六亲看车祸.doc,实战命例三十三异六亲看车祸,T3,C,C 命例经验,experience_library,经验库,case_reference,case_study,否,否,是,case_only_no_judge,"case,xiangyi"
C_命例经验/实战命例三十九看命局六亲正官事业吉凶.doc,实战命例三十九看命局六亲正官事业吉凶,T3,C,C 命例经验,experience_library,经验库,case_reference,case_study,否,否,是,case_only_no_judge,"case,xiangyi"
C_命例经验/实战命例三十二异六亲看车祸.doc,实战命例三十二异六亲看车祸,T3,C,C 命例经验,experience_library,经验库,case_reference,case_study,否,否,是,case_only_no_judge,"case,xiangyi"
C_命例经验/实战命例三十五如何看异六亲的车祸崔女士.doc,实战命例三十五如何看异六亲的车祸崔女士,T3,C,C 命例经验,experience_library,经验库,case_reference,case_study,否,否,是,case_only_no_judge,"case,xiangyi"
C_命例经验/实战命例三十八主动还债免灾难任先生.doc,实战命例三十八主动还债免灾难任先生,T3,C,C 命例经验,experience_library,经验库,case_reference,case_study,否,否,是,case_only_no_judge,"case,xiangyi"
C_命例经验/实战命例三十六疾病与治疗徐女士.doc,实战命例三十六疾病与治疗徐女士,T3,C,C 命例经验,experience_library,经验库,case_reference,case_study,否,否,是,case_only_no_judge,"case,xiangyi"
C_命例经验/实战命例三十四如何看六亲的车祸.doc,实战命例三十四如何看六亲的车祸,T3,C,C 命例经验,experience_library,经验库,case_reference,case_study,否,否,是,case_only_no_judge,"case,xiangyi"
C_命例经验/实战命例三十车祸责任王先生.doc,实战命例三十车祸责任王先生,T3,C,C 命例经验,experience_library,经验库,case_reference,case_study,否,否,是,case_only_no_judge,"case,xiangyi"
C_命例经验/实战命例九十 牢狱之灾姜先生.doc,实战命例九十 牢狱之灾姜先生,T3,C,C 命例经验,experience_library,经验库,case_reference,case_study,否,否,是,case_only_no_judge,"case,xiangyi"
C_命例经验/实战命例九十七.doc,实战命例九十七,T3,C,C 命例经验,experience_library,经验库,case_reference,case_study,否,否,是,case_only_no_judge,"case,xiangyi"
C_命例经验/实战命例九十三.doc,实战命例九十三,T3,C,C 命例经验,experience_library,经验库,case_reference,case_study,否,否,是,case_only_no_judge,"case,xiangyi"
C_命例经验/实战命例九十八.doc,实战命例九十八,T3,C,C 命例经验,experience_library,经验库,case_reference,case_study,否,否,是,case_only_no_judge,"case,xiangyi"
C_命例经验/实战命例九十六.doc,实战命例九十六,T3,C,C 命例经验,experience_library,经验库,case_reference,case_study,否,否,是,case_only_no_judge,"case,xiangyi"
C_命例经验/实战命例九根据命局信息开口直断.doc,实战命例九根据命局信息开口直断,T3,C,C 命例经验,experience_library,经验库,case_reference,case_study,否,否,是,case_only_no_judge,"case,xiangyi"
C_命例经验/实战命例二十三高考反馈李女士.doc,实战命例二十三高考反馈李女士,T3,C,C 命例经验,experience_library,经验库,case_reference,case_study,否,否,是,case_only_no_judge,"case,xiangyi"
C_命例经验/实战命例二十九车祸责任霍先生.doc,实战命例二十九车祸责任霍先生,T3,C,C 命例经验,experience_library,经验库,case_reference,case_study,否,否,是,case_only_no_judge,"case,xiangyi"
C_命例经验/实战命例二十二中考反馈王女士.doc,实战命例二十二中考反馈王女士,T3,C,C 命例经验,experience_library,经验库,case_reference,case_study,否,否,是,case_only_no_judge,"case,xiangyi"
C_命例经验/实战命例二十查病与治病.doc,实战命例二十查病与治病,T3,C,C 命例经验,experience_library,经验库,case_reference,case_study,否,否,是,case_only_no_judge,"case,xiangyi"
C_命例经验/实战命例五.doc,实战命例五,T3,C,C 命例经验,experience_library,经验库,case_reference,case_study,否,否,是,case_only_no_judge,"case,xiangyi"
C_命例经验/实战命例六十一王先生糖尿病.doc,实战命例六十一王先生糖尿病,T3,C,C 命例经验,experience_library,经验库,case_reference,case_study,否,否,是,case_only_no_judge,"case,xiangyi"
C_命例经验/实战命例六十七畸形于先生.doc,实战命例六十七畸形于先生,T3,C,C 命例经验,experience_library,经验库,case_reference,case_study,否,否,是,case_only_no_judge,"case,xiangyi"
C_命例经验/实战命例六十七精神病胡女士.doc,实战命例六十七精神病胡女士,T3,C,C 命例经验,experience_library,经验库,case_reference,case_study,否,否,是,case_only_no_judge,"case,xiangyi"
C_命例经验/实战命例六十三姜先生糖尿病.doc,实战命例六十三姜先生糖尿病,T3,C,C 命例经验,experience_library,经验库,case_reference,case_study,否,否,是,case_only_no_judge,"case,xiangyi"
C_命例经验/实战命例六十二辛女士糖尿病.doc,实战命例六十二辛女士糖尿病,T3,C,C 命例经验,experience_library,经验库,case_reference,case_study,否,否,是,case_only_no_judge,"case,xiangyi"
C_命例经验/实战命例六十六六亲事业吉凶.doc,实战命例六十六六亲事业吉凶,T3,C,C 命例经验,experience_library,经验库,case_reference,case_study,否,否,是,case_only_no_judge,"case,xiangyi"
C_命例经验/实战命例六十四畸形.doc,实战命例六十四畸形,T3,C,C 命例经验,experience_library,经验库,case_reference,case_study,否,否,是,case_only_no_judge,"case,xiangyi"
C_命例经验/实战命例六十糖尿病任先生.doc,实战命例六十糖尿病任先生,T3,C,C 命例经验,experience_library,经验库,case_reference,case_study,否,否,是,case_only_no_judge,"case,xiangyi"
C_命例经验/实战命例十七八字查病.doc,实战命例十七八字查病,T3,C,C 命例经验,experience_library,经验库,case_reference,case_study,否,否,是,case_only_no_judge,"case,xiangyi"
C_命例经验/实战命例十三根据命局信息开口直断.doc,实战命例十三根据命局信息开口直断,T3,C,C 命例经验,experience_library,经验库,case_reference,case_study,否,否,是,case_only_no_judge,"case,xiangyi"
C_命例经验/实战命例十九八字查病.doc,实战命例十九八字查病,T3,C,C 命例经验,experience_library,经验库,case_reference,case_study,否,否,是,case_only_no_judge,"case,xiangyi"
C_命例经验/实战命例十五根据着装快速验证时辰.doc,实战命例十五根据着装快速验证时辰,T3,C,C 命例经验,experience_library,经验库,case_reference,case_study,否,否,是,case_only_no_judge,"case,xiangyi"
C_命例经验/实战命例四十一如何看六亲的工作事业的吉凶.doc,实战命例四十一如何看六亲的工作事业的吉凶,T3,C,C 命例经验,experience_library,经验库,case_reference,case_study,否,否,是,case_only_no_judge,"case,xiangyi"
C_命例经验/实战命例四十三看命局六亲正官事业吉凶蔡明.doc,实战命例四十三看命局六亲正官事业吉凶蔡明,T3,C,C 命例经验,experience_library,经验库,case_reference,case_study,否,否,是,case_only_no_judge,"case,xiangyi"
C_命例经验/实战命例四十二官杀混杂秦女士.doc,实战命例四十二官杀混杂秦女士,T3,C,C 命例经验,experience_library,经验库,case_reference,case_study,否,否,是,case_only_no_judge,"case,xiangyi"
C_命例经验/实战命例四十四合婚孙女士.doc,实战命例四十四合婚孙女士,T3,C,C 命例经验,experience_library,经验库,case_reference,case_study,否,否,是,case_only_no_judge,"case,xiangyi"
C_命例经验/实战命例四十疾病与治疗姜先生.doc,实战命例四十疾病与治疗姜先生,T3,C,C 命例经验,experience_library,经验库,case_reference,case_study,否,否,是,case_only_no_judge,"case,xiangyi"
C_命例经验/实自在道人战命例五十七高血压邵先生.doc,实自在道人战命例五十七高血压邵先生,T3,C,C 命例经验,experience_library,经验库,case_reference,case_study,否,否,是,case_only_no_judge,"case,xiangyi"
C_命例经验/实自在道人战命例五十九高血压许女士.doc,实自在道人战命例五十九高血压许女士,T3,C,C 命例经验,experience_library,经验库,case_reference,case_study,否,否,是,case_only_no_judge,"case,xiangyi"
C_命例经验/曲炜 - 四柱詳批命例精解.doc,曲炜,T3,C,C 命例经验,experience_library,经验库,case_reference,case_study,否,否,是,case_only_no_judge,"case,xiangyi"
C_命例经验/曲炜 - 曲炜论八字.doc,曲炜,T3,C,C 命例经验,experience_library,经验库,case_reference,case_study,否,否,是,case_only_no_judge,"case,xiangyi"
C_命例经验/曲炜-四柱疾病定位法.doc,曲炜,T3,C,C 命例经验,experience_library,经验库,case_reference,case_study,否,否,是,case_only_no_judge,"case,xiangyi"
C_命例经验/曲炜-四柱答疑.txt,曲炜,T3,C,C 命例经验,experience_library,经验库,case_reference,case_study,否,否,是,case_only_no_judge,"case,xiangyi"
C_命例经验/曲炜-详批命例精解.txt,曲炜,T3,C,C 命例经验,experience_library,经验库,case_reference,case_study,否,否,是,case_only_no_judge,"case,xiangyi"
C_命例经验/自在道人实战命例五十一丑土之病孔老师.doc,自在道人实战命例五十一丑土之病孔老师,T3,C,C 命例经验,experience_library,经验库,case_reference,case_study,否,否,是,case_only_no_judge,"case,xiangyi"
C_命例经验/自在道人实战命例五十丑土之病张先生.doc,自在道人实战命例五十丑土之病张先生,T3,C,C 命例经验,experience_library,经验库,case_reference,case_study,否,否,是,case_only_no_judge,"case,xiangyi"
C_命例经验/自在道人实战命例五十二丑土之病陶女士.doc,自在道人实战命例五十二丑土之病陶女士,T3,C,C 命例经验,experience_library,经验库,case_reference,case_study,否,否,是,case_only_no_judge,"case,xiangyi"
C_命例经验/自在道人实战命例五十五坐下忌神杨女士.doc,自在道人实战命例五十五坐下忌神杨女士,T3,C,C 命例经验,experience_library,经验库,case_reference,case_study,否,否,是,case_only_no_judge,"case,xiangyi"
C_命例经验/自在道人实战命例五十八高血压王先生.doc,自在道人实战命例五十八高血压王先生,T3,C,C 命例经验,experience_library,经验库,case_reference,case_study,否,否,是,case_only_no_judge,"case,xiangyi"
C_命例经验/自在道人实战命例五十六坐下忌神周女士.doc,自在道人实战命例五十六坐下忌神周女士,T3,C,C 命例经验,experience_library,经验库,case_reference,case_study,否,否,是,case_only_no_judge,"case,xiangyi"
C_命例经验/自在道人实战命例五十四坐下忌神王女士.doc,自在道人实战命例五十四坐下忌神王女士,T3,C,C 命例经验,experience_library,经验库,case_reference,case_study,否,否,是,case_only_no_judge,"case,xiangyi"
C_命例经验/自在道人实战命例四十七八井水婚姻王女士.doc,自在道人实战命例四十七八井水婚姻王女士,T3,C,C 命例经验,experience_library,经验库,case_reference,case_study,否,否,是,case_only_no_judge,"case,xiangyi"
C_命例经验/自在道人实战命例四十九坐下忌神李先生.doc,自在道人实战命例四十九坐下忌神李先生,T3,C,C 命例经验,experience_library,经验库,case_reference,case_study,否,否,是,case_only_no_judge,"case,xiangyi"
C_命例经验/自在道人实战命例四十五坐下忌神周先生.doc,自在道人实战命例四十五坐下忌神周先生,T3,C,C 命例经验,experience_library,经验库,case_reference,case_study,否,否,是,case_only_no_judge,"case,xiangyi"
C_命例经验/自在道人实战命例四十六看六亲工作事业吉凶.doc,自在道人实战命例四十六看六亲工作事业吉凶,T3,C,C 命例经验,experience_library,经验库,case_reference,case_study,否,否,是,case_only_no_judge,"case,xiangyi"
C_命例经验/自在道人实战命理一六亲吉凶.doc,自在道人实战命理一六亲吉凶,T3,C,C 命例经验,experience_library,经验库,case_reference,case_study,否,否,是,case_only_no_judge,"case,xiangyi"
C_命例经验/自在道人实战命理三内外环境论.doc,自在道人实战命理三内外环境论,T3,C,C 命例经验,experience_library,经验库,case_reference,case_study,否,否,是,case_only_no_judge,"case,xiangyi"
C_命例经验/自在道人实战命理三内外环境论之二.doc,自在道人实战命理三内外环境论之二,T3,C,C 命例经验,experience_library,经验库,case_reference,case_study,否,否,是,case_only_no_judge,"case,xiangyi"
C_命例经验/自在道人实战命理二婚姻断法.doc,自在道人实战命理二婚姻断法,T3,C,C 命例经验,experience_library,经验库,case_reference,case_study,否,否,是,case_only_no_judge,"case,xiangyi"
C_命例经验/自在道人实战命理五六亲六亲吉凶.doc,自在道人实战命理五六亲六亲吉凶,T3,C,C 命例经验,experience_library,经验库,case_reference,case_study,否,否,是,case_only_no_judge,"case,xiangyi"
C_命例经验/自在道人实战命理四六亲段命.doc,自在道人实战命理四六亲段命,T3,C,C 命例经验,experience_library,经验库,case_reference,case_study,否,否,是,case_only_no_judge,"case,xiangyi"
D_低信排除/《断命秘诀和生死诀》(中原盲人秘典整理本)【虚拟宝库网www.xunibaoku.com】.doc,《断命秘诀和生死诀》(中原盲人秘典整理本)【虚拟宝库网www.xunibaoku.com】,T4,D,D 低信/排除,supplement_library,补充/低信库,low_trust,misc,否,否,否,exclude_or_low_trust,
D_低信排除/八字测婚姻信息规律总结（曲炜）【虚拟宝库网www.xunibaoku.com】.doc,八字测婚姻信息规律总结（曲炜）【虚拟宝库网www.xunibaoku.com】,T4,D,D 低信/排除,supplement_library,补充/低信库,low_trust,misc,否,否,否,exclude_or_low_trust,
D_低信排除/参加曲炜老师四柱特训班的日子【虚拟宝库网www.xunibaoku.com】.doc,参加曲炜老师四柱特训班的日子【虚拟宝库网www.xunibaoku.com】,T4,D,D 低信/排除,supplement_library,补充/低信库,low_trust,misc,否,否,否,exclude_or_low_trust,
D_低信排除/曲伟-论八字精华【虚拟宝库网www.xunibaoku.com】.txt,曲伟,T4,D,D 低信/排除,supplement_library,补充/低信库,low_trust,misc,否,否,否,exclude_or_low_trust,
D_低信排除/曲炜-QQ学员命例取象聊天记录【虚拟宝库网www.xunibaoku.com】.doc,曲炜,T4,D,D 低信/排除,supplement_library,补充/低信库,low_trust,case_study,否,否,否,exclude_or_low_trust,
D_低信排除/曲炜-丁亥年四柱精修班笔记【虚拟宝库网www.xunibaoku.com】.doc,曲炜,T4,D,D 低信/排除,supplement_library,补充/低信库,low_trust,misc,否,否,否,exclude_or_low_trust,
D_低信排除/曲炜-八字函测范例【虚拟宝库网www.xunibaoku.com】.doc,曲炜,T4,D,D 低信/排除,supplement_library,补充/低信库,low_trust,misc,否,否,否,exclude_or_low_trust,
D_低信排除/曲炜-四柱中高级班笔记【虚拟宝库网www.xunibaoku.com】.doc,曲炜,T4,D,D 低信/排除,supplement_library,补充/低信库,low_trust,misc,否,否,否,exclude_or_low_trust,
D_低信排除/曲炜-四柱信息取象【虚拟宝库网www.xunibaoku.com】.doc,曲炜,T4,D,D 低信/排除,supplement_library,补充/低信库,low_trust,misc,否,否,否,exclude_or_low_trust,
D_低信排除/曲炜-四柱特训班讲义【虚拟宝库网www.xunibaoku.com】.doc,曲炜,T4,D,D 低信/排除,supplement_library,补充/低信库,low_trust,lecture,否,否,否,exclude_or_low_trust,
D_低信排除/曲炜-四柱特训班讲义【虚拟宝库网www.xunibaoku.com】.txt,曲炜,T4,D,D 低信/排除,supplement_library,补充/低信库,low_trust,lecture,否,否,否,exclude_or_low_trust,
D_低信排除/曲炜-四柱真传一句话(完整版)【虚拟宝库网www.xunibaoku.com】.doc,曲炜,T4,D,D 低信/排除,supplement_library,补充/低信库,low_trust,misc,否,否,否,exclude_or_low_trust,
D_低信排除/曲炜-四柱祥真【虚拟宝库网www.xunibaoku.com】.doc,曲炜,T4,D,D 低信/排除,supplement_library,补充/低信库,low_trust,misc,否,否,否,exclude_or_low_trust,
D_低信排除/曲炜-干支组合【虚拟宝库网www.xunibaoku.com】.doc,曲炜,T4,D,D 低信/排除,supplement_library,补充/低信库,low_trust,misc,否,否,否,exclude_or_low_trust,
D_低信排除/曲炜-我是如何鉴别易学书籍，如何读易学书籍？【虚拟宝库网www.xunibaoku.com】.txt,曲炜,T4,D,D 低信/排除,supplement_library,补充/低信库,low_trust,misc,否,否,否,exclude_or_low_trust,
D_低信排除/曲炜-浅谈断命技巧【虚拟宝库网www.xunibaoku.com】.doc,曲炜,T4,D,D 低信/排除,supplement_library,补充/低信库,low_trust,lecture,否,否,否,exclude_or_low_trust,
D_低信排除/曲炜-论八字【虚拟宝库网www.xunibaoku.com】.doc,曲炜,T4,D,D 低信/排除,supplement_library,补充/低信库,low_trust,misc,否,否,否,exclude_or_low_trust,
D_低信排除/曲炜-详批命例精解【虚拟宝库网www.xunibaoku.com】.doc,曲炜,T4,D,D 低信/排除,supplement_library,补充/低信库,low_trust,case_study,否,否,否,exclude_or_low_trust,
D_低信排除/曲炜-谈什么样的人是学易材料【虚拟宝库网www.xunibaoku.com】.doc,曲炜,T4,D,D 低信/排除,supplement_library,补充/低信库,low_trust,misc,否,否,否,exclude_or_low_trust,
S_主裁经典/三命通会-明-万民英.txt,三命通会,T1,S,S 主裁经典,judge_library,裁判库,suiyun_judge,classic,是,是,是,can_primary_judge,"dayun,liunian,shensha"
S_主裁经典/余春台【明】- 穷通宝鉴.doc,穷通宝鉴,T1,S,S 主裁经典,judge_library,裁判库,tiaohou_judge,classic,是,是,是,can_primary_judge,"tiaohou,yongshen"
S_主裁经典/原注滴天髓.doc,滴天髓,T1,S,S 主裁经典,judge_library,裁判库,qishi_judge,classic,是,是,是,can_primary_judge,"qishi,strength"
S_主裁经典/子平真诠评注-清-沈孝瞻.txt,子平真诠,T2,S,S 主裁经典,judge_library,裁判库,geju_judge,classic,是,是,是,can_primary_judge,"geju,pattern"
S_主裁经典/徐升[宋] - 渊海子平.doc,渊海子平,T1,S,S 主裁经典,judge_library,裁判库,shishen_judge,classic,是,是,是,can_primary_judge,"shishen,liuqin"
S_主裁经典/渊海子平-宋-徐子平.txt,渊海子平,T1,S,S 主裁经典,judge_library,裁判库,shishen_judge,classic,是,是,是,can_primary_judge,"shishen,liuqin"
S_主裁经典/滴天髓阐微-清-任铁樵.txt,滴天髓,T2,S,S 主裁经典,judge_library,裁判库,qishi_judge,classic,是,是,是,can_primary_judge,"qishi,strength"
S_主裁经典/穷通宝鉴-明-余春台.txt,穷通宝鉴,T1,S,S 主裁经典,judge_library,裁判库,tiaohou_judge,classic,是,是,是,can_primary_judge,"tiaohou,yongshen"
S_主裁经典/素庵滴天髓.doc,滴天髓,T1,S,S 主裁经典,judge_library,裁判库,qishi_judge,classic,是,是,是,can_primary_judge,"qishi,strength"
